Algorithm A,Algorithm B,p-value,effect_size,interpretation
rs,ga,4.121619484536658e-27,-0.7801234567901234,large
rs,hc,3.1277079252003314e-10,-0.48651234567901236,large
rs,1+1,1.516119755258417e-27,-0.809537037037037,large
ga,hc,3.2733834775178635e-27,0.7957407407407407,large
ga,1+1,0.1365402548579858,-0.08975308641975309,negligible
hc,1+1,3.0707387966242642e-27,-0.8288271604938272,large
